count,mean,median,min,max,std,config,trial,num_exits
80,263.125,293.0,19,355,80.88964318749342,1 derë - e ngushtë (15px),0,1
80,257.575,256.5,39,415,90.70650128298414,1 derë - e ngushtë (15px),1,1
80,265.6125,242.0,25,401,98.96937578741213,1 derë - e ngushtë (15px),2,1
80,266.9,292.0,51,392,79.24149796665886,1 derë - e ngushtë (15px),3,1
80,268.525,264.0,34,399,82.47696269262103,1 derë - e ngushtë (15px),4,1
80,285.0625,285.5,41,425,93.27249644857802,1 derë - e ngushtë (15px),5,1
80,294.6875,320.0,63,428,86.20956932817842,1 derë - e ngushtë (15px),6,1
80,264.125,268.0,42,446,97.2412431790133,1 derë - e ngushtë (15px),7,1
80,280.5375,269.0,9,461,95.7040939236666,1 derë - e ngushtë (15px),8,1
80,249.2875,267.0,65,456,82.63764180898436,1 derë - e ngushtë (15px),9,1
80,275.275,269.5,11,449,102.56387948493368,1 derë - e ngushtë (15px),10,1
80,260.35,287.0,50,466,92.14744977480386,1 derë - e ngushtë (15px),11,1
80,267.6125,248.0,60,469,101.86111791920409,1 derë - e ngushtë (15px),12,1
80,259.4625,263.5,30,428,93.063814631413,1 derë - e ngushtë (15px),13,1
80,265.0625,260.5,62,451,74.73927076008971,1 derë - e ngushtë (15px),14,1
80,279.2375,288.0,65,394,84.41049160945576,1 derë - e ngushtë (15px),15,1
80,252.9125,264.0,35,393,74.0518726552543,1 derë - e ngushtë (15px),16,1
80,243.55,251.5,1,430,100.98897217023253,1 derë - e ngushtë (15px),17,1
80,257.975,261.0,85,376,64.57727444697554,1 derë - e ngushtë (15px),18,1
80,271.95,272.5,57,430,90.68239906398595,1 derë - e ngushtë (15px),19,1
80,279.5,315.0,37,404,89.91106717195609,1 derë - e ngushtë (15px),20,1
80,247.825,265.5,27,393,77.66688081157889,1 derë - e ngushtë (15px),21,1
80,265.4875,271.5,52,481,103.5146117403239,1 derë - e ngushtë (15px),22,1
80,264.325,264.0,38,412,102.20687048824067,1 derë - e ngushtë (15px),23,1
80,273.325,248.5,35,523,113.77837832822192,1 derë - e ngushtë (15px),24,1
80,276.7625,328.0,55,453,93.43329756435871,1 derë - e ngushtë (15px),25,1
80,298.1625,289.0,65,519,96.15033070015932,1 derë - e ngushtë (15px),26,1
80,265.9375,272.5,4,460,106.29844116331151,1 derë - e ngushtë (15px),27,1
80,264.1,252.5,76,443,83.71000537570166,1 derë - e ngushtë (15px),28,1
80,240.1375,226.5,26,448,90.03412460700666,1 derë - e ngushtë (15px),29,1
80,275.625,289.5,49,506,86.75905932523703,1 derë - mesatare (30px),0,1
80,286.6875,282.0,32,422,94.36002778586916,1 derë - mesatare (30px),1,1
80,259.5875,259.0,1,413,106.66368802807261,1 derë - mesatare (30px),2,1
80,261.0,284.5,59,377,76.10683280757385,1 derë - mesatare (30px),3,1
80,271.8125,286.0,32,403,92.29492046559226,1 derë - mesatare (30px),4,1
80,277.85,266.5,25,449,106.20335446679638,1 derë - mesatare (30px),5,1
80,281.0,262.5,54,429,93.8789113699131,1 derë - mesatare (30px),6,1
80,280.4375,297.5,46,500,97.42892842349237,1 derë - mesatare (30px),7,1
80,259.0,278.0,59,401,93.68457717255279,1 derë - mesatare (30px),8,1
80,267.3,271.0,37,456,108.98720108342998,1 derë - mesatare (30px),9,1
80,288.8,314.0,56,443,99.57627729534782,1 derë - mesatare (30px),10,1
80,273.525,241.0,46,457,97.64015247325251,1 derë - mesatare (30px),11,1
80,272.25,301.0,63,403,100.09801446582244,1 derë - mesatare (30px),12,1
80,272.25,275.5,60,446,92.28102459335831,1 derë - mesatare (30px),13,1
80,301.475,302.0,29,414,100.29942360253123,1 derë - mesatare (30px),14,1
80,249.8125,246.0,44,376,74.46275809926732,1 derë - mesatare (30px),15,1
80,269.2875,277.0,45,363,79.83251119531441,1 derë - mesatare (30px),16,1
80,264.275,256.0,27,473,100.13652867460506,1 derë - mesatare (30px),17,1
80,259.1125,251.0,30,361,76.63990373004131,1 derë - mesatare (30px),18,1
80,265.425,308.0,16,478,85.64531145953057,1 derë - mesatare (30px),19,1
80,298.075,317.0,39,473,102.06624993111092,1 derë - mesatare (30px),20,1
80,267.375,300.0,73,443,84.95636747766467,1 derë - mesatare (30px),21,1
80,262.725,271.5,59,426,91.3260607658077,1 derë - mesatare (30px),22,1
80,271.675,299.0,1,405,94.99720719579076,1 derë - mesatare (30px),23,1
80,272.5875,270.0,35,407,80.23398496740643,1 derë - mesatare (30px),24,1
80,286.4875,320.5,43,447,97.07290993758248,1 derë - mesatare (30px),25,1
80,280.1,259.0,52,403,80.27664666638736,1 derë - mesatare (30px),26,1
80,251.55,265.0,76,407,67.02180615292309,1 derë - mesatare (30px),27,1
80,251.5625,243.0,38,418,108.37341045547103,1 derë - mesatare (30px),28,1
80,247.2125,261.0,68,457,94.14811386188255,1 derë - mesatare (30px),29,1
80,244.875,266.5,11,406,79.3889751476866,1 derë - e gjerë (60px),0,1
80,219.9625,215.0,30,347,67.56227567030288,1 derë - e gjerë (60px),1,1
80,248.8625,269.0,41,493,88.97257214304867,1 derë - e gjerë (60px),2,1
80,239.4125,240.0,15,380,74.38358248800604,1 derë - e gjerë (60px),3,1
80,244.5,253.0,35,382,85.99011571105135,1 derë - e gjerë (60px),4,1
80,252.775,258.5,15,412,94.91943623410329,1 derë - e gjerë (60px),5,1
80,259.5875,266.0,66,366,86.0582206633974,1 derë - e gjerë (60px),6,1
80,266.7625,295.0,1,363,89.33689659793427,1 derë - e gjerë (60px),7,1
80,236.075,247.0,1,391,89.0293175027193,1 derë - e gjerë (60px),8,1
80,264.9875,271.5,35,437,96.28609631587523,1 derë - e gjerë (60px),9,1
80,256.3875,245.5,29,453,111.27853496407111,1 derë - e gjerë (60px),10,1
80,236.3625,235.0,5,398,94.96660515017898,1 derë - e gjerë (60px),11,1
80,251.7375,258.0,61,393,89.64746841796483,1 derë - e gjerë (60px),12,1
80,263.8875,267.5,37,398,93.19991868961044,1 derë - e gjerë (60px),13,1
80,262.6375,265.0,3,409,86.1327817601986,1 derë - e gjerë (60px),14,1
80,250.625,249.5,66,403,75.73529147629921,1 derë - e gjerë (60px),15,1
80,260.8875,271.0,50,383,81.81717328134724,1 derë - e gjerë (60px),16,1
80,245.0,228.5,35,404,79.42638100782385,1 derë - e gjerë (60px),17,1
80,270.9,255.0,58,465,93.21689760982179,1 derë - e gjerë (60px),18,1
80,259.3375,252.0,28,454,97.07303226823608,1 derë - e gjerë (60px),19,1
80,279.8875,278.0,68,525,83.1910442520708,1 derë - e gjerë (60px),20,1
80,258.125,267.0,11,395,87.27619592420375,1 derë - e gjerë (60px),21,1
80,270.0625,261.0,34,415,89.47839735796568,1 derë - e gjerë (60px),22,1
80,245.6375,260.0,15,456,86.55276479552805,1 derë - e gjerë (60px),23,1
80,264.3625,276.0,96,417,80.75909294779134,1 derë - e gjerë (60px),24,1
80,253.525,287.0,1,418,103.73824933456319,1 derë - e gjerë (60px),25,1
80,243.65,274.0,49,401,84.56108738657515,1 derë - e gjerë (60px),26,1
80,225.8,253.0,34,403,70.1620267666207,1 derë - e gjerë (60px),27,1
80,263.0875,287.5,63,384,75.63815071609035,1 derë - e gjerë (60px),28,1
80,272.375,264.5,41,408,96.29179287457472,1 derë - e gjerë (60px),29,1
80,246.0,282.5,15,379,92.1143311325659,2 dyer - ngushta (15px),0,2
80,243.875,264.0,22,339,81.83907608838213,2 dyer - ngushta (15px),1,2
80,249.6375,286.5,43,347,68.58211205372724,2 dyer - ngushta (15px),2,2
80,226.475,234.5,17,378,79.85048136987028,2 dyer - ngushta (15px),3,2
80,233.8,250.0,35,366,84.01255858501156,2 dyer - ngushta (15px),4,2
80,227.9125,243.0,18,320,70.78333026744362,2 dyer - ngushta (15px),5,2
80,222.275,221.0,35,374,84.7987286166485,2 dyer - ngushta (15px),6,2
80,263.4875,249.0,63,381,84.48165388858104,2 dyer - ngushta (15px),7,2
80,229.9375,225.0,8,351,89.0866633888036,2 dyer - ngushta (15px),8,2
80,258.9875,280.5,56,365,78.86134885829686,2 dyer - ngushta (15px),9,2
80,227.35,259.0,19,308,65.96572973900918,2 dyer - ngushta (15px),10,2
80,221.275,224.0,30,407,97.46935095197874,2 dyer - ngushta (15px),11,2
80,257.825,295.5,27,503,99.4426687845816,2 dyer - ngushta (15px),12,2
80,257.7375,281.0,25,405,102.23046803057296,2 dyer - ngushta (15px),13,2
80,212.6,237.5,11,313,79.11393682531542,2 dyer - ngushta (15px),14,2
80,230.6125,238.5,59,401,74.47323239762055,2 dyer - ngushta (15px),15,2
80,229.0875,233.5,49,340,64.51515204779416,2 dyer - ngushta (15px),16,2
80,233.5875,274.5,18,371,89.2236927264838,2 dyer - ngushta (15px),17,2
80,235.175,231.5,22,382,83.79853444422523,2 dyer - ngushta (15px),18,2
80,226.7,222.5,42,395,89.26273018455127,2 dyer - ngushta (15px),19,2
80,220.975,256.0,39,320,75.01599412791914,2 dyer - ngushta (15px),20,2
80,230.3625,235.5,32,312,67.76323556140159,2 dyer - ngushta (15px),21,2
80,244.05,264.0,21,355,86.31163015492177,2 dyer - ngushta (15px),22,2
80,216.8875,230.5,18,339,74.77499477599446,2 dyer - ngushta (15px),23,2
80,201.4625,207.0,19,350,73.88588223571537,2 dyer - ngushta (15px),24,2
80,253.9625,260.5,69,376,76.31307944087959,2 dyer - ngushta (15px),25,2
80,251.4125,261.5,34,382,90.10489633615923,2 dyer - ngushta (15px),26,2
80,244.8875,241.5,24,399,99.81545393249485,2 dyer - ngushta (15px),27,2
80,221.4375,236.5,39,303,67.08890440117501,2 dyer - ngushta (15px),28,2
80,240.1125,236.0,60,419,84.91863661028715,2 dyer - ngushta (15px),29,2
80,234.775,242.0,31,383,78.45013941988886,2 dyer - gjera (40px),0,2
80,211.2125,223.5,19,356,80.50880289601876,2 dyer - gjera (40px),1,2
80,244.65,262.0,7,441,82.6087313787108,2 dyer - gjera (40px),2,2
80,225.225,252.0,33,344,77.11192757933108,2 dyer - gjera (40px),3,2
80,237.75,262.0,39,391,85.28576962190117,2 dyer - gjera (40px),4,2
80,234.55,266.0,13,407,89.32929250811293,2 dyer - gjera (40px),5,2
80,222.725,225.0,8,376,82.76970686791152,2 dyer - gjera (40px),6,2
80,220.1,232.5,37,376,72.98297746735194,2 dyer - gjera (40px),7,2
80,233.2875,244.5,50,353,81.51505899985597,2 dyer - gjera (40px),8,2
80,216.025,217.5,29,367,83.02559469826157,2 dyer - gjera (40px),9,2
80,236.8875,255.0,21,364,87.53085081129967,2 dyer - gjera (40px),10,2
80,210.2125,215.5,31,339,82.98428974058885,2 dyer - gjera (40px),11,2
80,206.9,222.0,21,327,72.37015959634192,2 dyer - gjera (40px),12,2
80,217.5625,234.0,21,333,82.22907693602063,2 dyer - gjera (40px),13,2
80,218.3625,245.5,54,367,76.0807537669679,2 dyer - gjera (40px),14,2
80,223.8125,271.0,1,325,91.40624893162394,2 dyer - gjera (40px),15,2
80,218.875,262.0,5,342,94.05920675298086,2 dyer - gjera (40px),16,2
80,214.55,218.5,11,388,89.45528212464595,2 dyer - gjera (40px),17,2
80,238.3375,259.0,48,358,83.84389419480705,2 dyer - gjera (40px),18,2
80,214.1125,234.5,17,323,75.17113703909233,2 dyer - gjera (40px),19,2
80,224.8625,247.5,58,321,78.1187787522949,2 dyer - gjera (40px),20,2
80,192.9125,207.5,24,332,68.13647953739611,2 dyer - gjera (40px),21,2
80,214.7,250.5,19,399,95.80519296990117,2 dyer - gjera (40px),22,2
80,243.95,240.0,38,356,79.34448626086126,2 dyer - gjera (40px),23,2
80,213.3625,231.0,34,315,84.42692753944088,2 dyer - gjera (40px),24,2
80,212.75,200.0,1,337,84.45198339885215,2 dyer - gjera (40px),25,2
80,236.0125,253.5,42,340,74.62765803473937,2 dyer - gjera (40px),26,2
80,231.375,249.0,12,423,93.98781503471608,2 dyer - gjera (40px),27,2
80,240.175,280.5,40,383,93.48312347691427,2 dyer - gjera (40px),28,2
80,241.9875,254.5,24,418,93.61056213777374,2 dyer - gjera (40px),29,2
80,218.75,229.0,16,346,84.58420360800237,3 dyer,0,3
80,206.375,222.0,8,359,83.56634714405075,3 dyer,1,3
80,202.3,198.0,4,333,95.43746643745317,3 dyer,2,3
80,212.0625,243.5,23,328,80.88577497774253,3 dyer,3,3
80,215.475,245.0,52,348,75.31184750754691,3 dyer,4,3
80,221.55,239.5,38,334,66.30476981333997,3 dyer,5,3
80,198.775,200.0,1,347,78.6952944908398,3 dyer,6,3
80,231.2625,269.0,21,342,80.66578328975676,3 dyer,7,3
80,220.075,200.0,27,331,81.72955019452878,3 dyer,8,3
80,220.6625,237.0,28,320,72.89546346481377,3 dyer,9,3
80,191.9125,191.0,1,329,88.2066031754426,3 dyer,10,3
80,195.875,221.0,31,334,75.9730832268903,3 dyer,11,3
80,233.6875,242.0,28,454,95.50779991053086,3 dyer,12,3
80,230.775,251.0,44,331,76.05507461701684,3 dyer,13,3
80,213.725,241.5,22,324,77.07382418824176,3 dyer,14,3
80,213.6125,223.5,11,353,63.80664027944113,3 dyer,15,3
80,209.925,233.5,12,327,76.52283564400891,3 dyer,16,3
80,210.725,228.5,1,334,84.09295080445209,3 dyer,17,3
80,209.875,225.5,7,371,84.58802737385474,3 dyer,18,3
80,220.9125,229.5,27,319,70.94596425273251,3 dyer,19,3
80,228.225,218.5,14,343,59.56802309125258,3 dyer,20,3
80,221.0375,244.5,54,296,60.988819415938856,3 dyer,21,3
80,232.2125,258.0,16,355,85.19267775900695,3 dyer,22,3
80,213.8375,221.0,24,344,81.1891993663566,3 dyer,23,3
80,213.575,224.0,48,373,77.30973014440032,3 dyer,24,3
80,191.55,199.0,34,328,80.97436322688806,3 dyer,25,3
80,219.8625,258.5,40,413,82.45464567718426,3 dyer,26,3
80,217.85,238.5,1,318,82.31131453208604,3 dyer,27,3
80,207.6875,232.5,27,314,70.64658409116467,3 dyer,28,3
80,230.625,218.0,15,367,105.95439761991949,3 dyer,29,3
80,317.175,304.0,52,481,118.47813880627936,1 derë - me pengesë,0,1
80,290.05,295.0,93,469,85.03835899169269,1 derë - me pengesë,1,1
80,253.375,260.0,90,457,90.57971282246373,1 derë - me pengesë,2,1
80,300.3625,346.5,33,432,88.42825393362689,1 derë - me pengesë,3,1
80,265.5875,247.0,1,394,102.98297113479491,1 derë - me pengesë,4,1
80,253.9,263.0,52,433,82.7031740624264,1 derë - me pengesë,5,1
80,274.125,254.0,7,465,111.94366607807697,1 derë - me pengesë,6,1
80,319.975,295.0,28,493,132.08926669112824,1 derë - me pengesë,7,1
80,294.5625,300.0,48,544,119.70817053881493,1 derë - me pengesë,8,1
80,269.475,286.0,59,468,91.0880034636834,1 derë - me pengesë,9,1
80,312.825,309.0,35,566,120.89280117112018,1 derë - me pengesë,10,1
80,328.2,312.0,49,463,115.71348236052704,1 derë - me pengesë,11,1
80,303.6875,326.0,1,481,107.14448116328718,1 derë - me pengesë,12,1
80,261.225,254.5,42,456,97.76029037906956,1 derë - me pengesë,13,1
80,244.7125,254.0,15,439,87.26685993978471,1 derë - me pengesë,14,1
80,279.85,265.5,47,423,83.91872556229629,1 derë - me pengesë,15,1
80,276.7,275.5,55,410,105.8740289211665,1 derë - me pengesë,16,1
80,261.2625,264.5,55,421,89.77342921906236,1 derë - me pengesë,17,1
80,283.7,293.0,50,424,92.47369896354314,1 derë - me pengesë,18,1
80,282.5625,284.0,84,491,114.26765112554821,1 derë - me pengesë,19,1
80,298.975,298.5,88,489,119.79419591532805,1 derë - me pengesë,20,1
80,324.2125,332.0,76,553,122.9118275177373,1 derë - me pengesë,21,1
80,254.3,267.5,70,403,77.58711233188151,1 derë - me pengesë,22,1
80,341.9625,385.5,60,549,136.19961855214575,1 derë - me pengesë,23,1
80,315.2,334.0,20,589,119.82668734468126,1 derë - me pengesë,24,1
80,272.625,266.0,34,457,99.41068541660901,1 derë - me pengesë,25,1
80,270.3375,279.5,40,454,103.65567323475352,1 derë - me pengesë,26,1
80,293.4375,312.0,65,471,102.82471052110967,1 derë - me pengesë,27,1
80,319.45,348.0,44,502,100.14925112051513,1 derë - me pengesë,28,1
80,288.5875,314.0,34,426,108.0455567978156,1 derë - me pengesë,29,1
40,277.0,344.0,27,474,131.29185047062137,Densitet i ulët (40 boid),0,1
40,241.675,272.5,29,360,82.1496766579151,Densitet i ulët (40 boid),1,1
40,234.275,250.5,74,389,69.97141827203448,Densitet i ulët (40 boid),2,1
40,203.5,219.5,18,329,67.2420999077215,Densitet i ulët (40 boid),3,1
40,249.575,247.0,50,354,77.32007743788155,Densitet i ulët (40 boid),4,1
40,231.45,255.5,13,343,85.0790661678888,Densitet i ulët (40 boid),5,1
40,234.55,281.0,56,334,82.78977895851637,Densitet i ulët (40 boid),6,1
40,241.95,258.0,86,384,87.43653412618778,Densitet i ulët (40 boid),7,1
40,218.4,217.5,25,348,86.4160864654261,Densitet i ulët (40 boid),8,1
40,230.9,274.0,32,318,84.1952492721531,Densitet i ulët (40 boid),9,1
40,236.675,284.5,38,339,78.94504021786295,Densitet i ulët (40 boid),10,1
40,231.075,218.0,70,390,88.66351772290562,Densitet i ulët (40 boid),11,1
40,210.725,212.5,1,424,101.89528632375493,Densitet i ulët (40 boid),12,1
40,209.0,217.0,39,366,87.56911556022477,Densitet i ulët (40 boid),13,1
40,246.7,253.5,28,374,97.69728757749624,Densitet i ulët (40 boid),14,1
40,242.425,254.0,65,385,82.79489341136927,Densitet i ulët (40 boid),15,1
40,257.425,264.0,72,416,87.82280099723533,Densitet i ulët (40 boid),16,1
40,252.375,228.0,47,407,104.71764118332689,Densitet i ulët (40 boid),17,1
40,264.55,268.0,65,364,78.12680397917222,Densitet i ulët (40 boid),18,1
40,219.5,233.5,45,332,83.8924907247365,Densitet i ulët (40 boid),19,1
40,248.8,289.5,50,403,100.48164011400291,Densitet i ulët (40 boid),20,1
40,267.025,270.0,42,404,93.34465370335893,Densitet i ulët (40 boid),21,1
40,238.2,242.0,47,400,97.46235170567145,Densitet i ulët (40 boid),22,1
40,221.225,221.0,50,337,86.38445679055926,Densitet i ulët (40 boid),23,1
40,238.075,241.5,57,351,82.36303403226475,Densitet i ulët (40 boid),24,1
40,224.975,262.5,28,396,94.68592490439114,Densitet i ulët (40 boid),25,1
40,224.15,234.0,67,315,71.94635154057501,Densitet i ulët (40 boid),26,1
40,249.2,296.5,65,382,79.39716619628184,Densitet i ulët (40 boid),27,1
40,225.45,247.0,46,346,82.569955189524,Densitet i ulët (40 boid),28,1
40,245.9,255.5,45,422,93.2198476720489,Densitet i ulët (40 boid),29,1
150,282.91333333333336,295.5,89,472,78.61839790334632,Densitet i lartë (150 boid),0,1
150,273.75333333333333,303.0,67,437,83.72295078942744,Densitet i lartë (150 boid),1,1
150,263.42,282.5,101,401,74.87316119055389,Densitet i lartë (150 boid),2,1
150,316.58,331.0,50,456,90.18176238390258,Densitet i lartë (150 boid),3,1
150,283.8066666666667,285.0,62,513,89.57698340285609,Densitet i lartë (150 boid),4,1
150,272.8066666666667,269.5,113,487,91.22000487222574,Densitet i lartë (150 boid),5,1
150,279.93333333333334,312.0,49,389,65.53916555939833,Densitet i lartë (150 boid),6,1
150,283.26,295.5,22,395,78.46387109151999,Densitet i lartë (150 boid),7,1
150,279.76666666666665,290.0,83,472,77.10671537262857,Densitet i lartë (150 boid),8,1
150,258.7266666666667,276.0,76,388,67.35378204344248,Densitet i lartë (150 boid),9,1
150,287.73333333333335,301.0,30,487,84.76042053275155,Densitet i lartë (150 boid),10,1
150,286.82666666666665,327.0,48,461,78.53710347486863,Densitet i lartë (150 boid),11,1
150,296.00666666666666,287.0,90,477,95.2899082916036,Densitet i lartë (150 boid),12,1
150,282.0733333333333,299.0,53,385,66.49622512260042,Densitet i lartë (150 boid),13,1
150,295.86,310.0,50,451,73.07421159342056,Densitet i lartë (150 boid),14,1
150,289.28,317.0,48,413,84.68664751108444,Densitet i lartë (150 boid),15,1
150,286.7266666666667,313.0,60,399,81.37205881354825,Densitet i lartë (150 boid),16,1
150,271.75333333333333,281.0,41,463,87.31062834627993,Densitet i lartë (150 boid),17,1
150,283.11333333333334,284.5,27,463,85.09919989178643,Densitet i lartë (150 boid),18,1
150,295.06,300.0,117,507,94.23638575412366,Densitet i lartë (150 boid),19,1
150,279.14,278.0,104,453,77.53966984711761,Densitet i lartë (150 boid),20,1
150,304.88,313.0,118,435,76.74450425491933,Densitet i lartë (150 boid),21,1
150,283.0133333333333,300.0,59,468,74.58829100841201,Densitet i lartë (150 boid),22,1
150,308.81333333333333,319.0,58,491,95.94070298308685,Densitet i lartë (150 boid),23,1
150,276.31333333333333,274.0,40,451,91.00272059425232,Densitet i lartë (150 boid),24,1
150,309.6,319.5,60,560,106.0350885320515,Densitet i lartë (150 boid),25,1
150,274.9,284.5,89,480,81.04984063319722,Densitet i lartë (150 boid),26,1
150,290.38,325.0,79,422,73.6640726541779,Densitet i lartë (150 boid),27,1
150,283.66,284.0,20,439,94.40076482741017,Densitet i lartë (150 boid),28,1
150,297.12666666666667,297.0,41,408,72.8933738796302,Densitet i lartë (150 boid),29,1
